quartier,superficie,nombre_chambres,douche_wc,type_d_acces,meuble,etat_general,loyer_mensuel
Anosibe,64,2,interieur,moto,non,mauvais,489600
Analamahitsy,83,5,exterieur,voiture,oui,bon,1096800
Andoharanofotsy,130,3,interieur,moto,non,moyen,1190000
67Ha,106,4,interieur,moto,oui,mauvais,838400
Analakely,27,1,interieur,voiture_avec_par_parking,oui,mauvais,212800
Analamahitsy,71,6,exterieur,voiture_avec_par_parking,oui,mauvais,694400
Ambatobe,95,2,interieur,sans,non,bon,1032000
Andoharanofotsy,97,4,interieur,voiture,non,mauvais,780800
Ambanidia,48,3,exterieur,moto,oui,mauvais,427200
Ambatonakanga,117,1,interieur,sans,oui,bon,1183200
Ambatoroka,130,6,exterieur,voiture,oui,moyen,1340000
67Ha,72,2,exterieur,voiture,oui,bon,811200
Ambodivona,155,1,interieur,sans,oui,moyen,1290000
Analamahitsy,96,5,interieur,moto,oui,moyen,1018000
Ivandry,64,5,interieur,moto,oui,mauvais,609600
Andraharo,54,5,exterieur,voiture_avec_par_parking,non,bon,818400
Ambolokandrina,76,2,interieur,voiture,non,mauvais,566400
Analamahitsy,52,4,interieur,sans,non,moyen,616000
Analakely,139,2,exterieur,sans,oui,moyen,1212000
Analamahitsy,100,2,interieur,voiture,oui,bon,1080000
Ampandrana,163,1,exterieur,sans,non,mauvais,1083200
Analamahitsy,141,1,interieur,voiture_avec_par_parking,oui,bon,1413600
Andoharanofotsy,184,2,interieur,voiture_avec_par_parking,non,bon,1886400
Ambanidia,156,1,interieur,moto,oui,moyen,1298000
Tanjombato,42,2,exterieur,moto,non,bon,523200
Ambanidia,69,5,exterieur,voiture,oui,mauvais,641600
Ambodivona,79,1,interieur,moto,non,moyen,682000
Ampandrana,171,3,exterieur,moto,oui,mauvais,1214400
Ambatonakanga,181,5,exterieur,voiture,non,moyen,1698000
Andraharo,93,4,interieur,voiture_avec_par_parking,non,moyen,944000
Ivandry,143,5,interieur,moto,non,mauvais,1115200
Ambatoroka,54,3,interieur,sans,non,bon,698400
Ambodivona,80,6,exterieur,moto,oui,bon,1128000
Ambodivona,58,2,exterieur,moto,non,mauvais,451200
Ambatonakanga,51,1,interieur,sans,non,mauvais,366400
Ambolokandrina,87,1,interieur,voiture,non,bon,895200
Ambatoroka,79,1,exterieur,sans,oui,mauvais,545600
Andraharo,79,5,exterieur,voiture,oui,moyen,882000
Ankazobe,142,3,interieur,moto,oui,bon,1543200
Ambodivona,188,4,interieur,voiture_avec_par_parking,non,bon,2044800
Tanjombato,188,3,exterieur,sans,oui,moyen,1654000
Ambatonakanga,127,3,interieur,moto,oui,moyen,1166000
Ivandry,120,5,interieur,voiture_avec_par_parking,oui,mauvais,968000
Analakely,148,6,exterieur,voiture,oui,mauvais,1187200
Tsaralalana,169,5,exterieur,voiture_avec_par_parking,non,bon,1922400
Ambanidia,135,5,exterieur,voiture,non,bon,1596000
Ambatoroka,90,4,exterieur,sans,oui,moyen,920000
Ampandrana,110,2,interieur,voiture_avec_par_parking,non,mauvais,784000
Tsaralalana,73,1,exterieur,voiture_avec_par_parking,non,moyen,634000
Ambodivona,82,3,interieur,voiture,oui,mauvais,644800
Ivandry,78,2,exterieur,voiture,non,bon,868800
Ambatoroka,58,2,interieur,voiture_avec_par_parking,non,bon,676800
Ambatobe,175,4,interieur,voiture,oui,bon,1920000
Ambodivona,69,4,exterieur,sans,oui,moyen,752000
Anosibe,38,6,interieur,voiture,non,mauvais,483200
Anosibe,97,1,interieur,voiture,oui,moyen,826000
Tsaralalana,73,1,interieur,voiture,non,bon,760800
Soanierana,56,1,interieur,moto,oui,mauvais,398400
Tanjombato,35,2,exterieur,moto,non,mauvais,304000
Ivandry,166,5,interieur,moto,non,bon,1893600
Ankazobe,76,4,interieur,voiture_avec_par_parking,non,moyen,808000
67Ha,37,4,interieur,moto,oui,bon,595200
Ankadifotsy,95,2,exterieur,sans,non,bon,1032000
Ambatonakanga,147,3,exterieur,sans,non,mauvais,1060800
Ivandry,73,2,interieur,voiture,oui,moyen,684000
Ambanidia,30,6,interieur,voiture_avec_par_parking,non,mauvais,432000
Ankadifotsy,180,6,exterieur,sans,oui,mauvais,1392000
Andraharo,110,1,exterieur,moto,non,bon,1116000
Soanierana,104,5,exterieur,voiture,oui,mauvais,865600
67Ha,137,1,interieur,moto,oui,moyen,1146000
Isoraka,23,1,exterieur,moto,non,moyen,234000
Ankazobe,57,2,exterieur,sans,non,moyen,556000
Ankazobe,171,5,exterieur,voiture_avec_par_parking,oui,mauvais,1294400
Ambatobe,93,1,exterieur,voiture_avec_par_parking,oui,mauvais,635200
Tsaralalana,88,5,interieur,voiture,non,moyen,954000
Ivandry,72,5,exterieur,voiture_avec_par_parking,non,moyen,826000
Ambatobe,199,6,interieur,sans,oui,mauvais,1513600
Isoraka,21,3,exterieur,voiture,oui,bon,381600
Ankazobe,150,2,interieur,moto,non,bon,1560000
Ankadifotsy,194,6,interieur,voiture_avec_par_parking,non,bon,2222400
Ampandrana,158,6,interieur,voiture,oui,mauvais,1251200
Tsaralalana,174,2,interieur,sans,oui,mauvais,1193600
Ankazobe,28,4,interieur,voiture_avec_par_parking,non,moyen,424000
Soanierana,131,6,interieur,voiture,oui,bon,1617600
Anosibe,109,1,exterieur,sans,oui,bon,1106400
Anosibe,138,6,exterieur,voiture,oui,mauvais,1123200
Ambatonakanga,190,2,interieur,moto,non,bon,1944000
Ivandry,140,4,exterieur,voiture,oui,moyen,1320000
Ankazobe,137,4,exterieur,sans,non,mauvais,1036800
67Ha,44,6,exterieur,sans,non,moyen,652000
Ambodivona,169,3,exterieur,sans,oui,mauvais,1201600
Ambatoroka,36,4,exterieur,sans,oui,mauvais,390400
Tsaralalana,197,1,exterieur,voiture_avec_par_parking,non,bon,1951200
Ankazobe,140,2,exterieur,voiture_avec_par_parking,oui,mauvais,976000
67Ha,132,4,exterieur,voiture_avec_par_parking,non,bon,1507200
Ambatobe,193,3,interieur,moto,non,mauvais,1355200
Analakely,164,3,exterieur,voiture,oui,mauvais,1169600
Isoraka,127,2,interieur,moto,oui,mauvais,892800
Andraharo,90,4,exterieur,voiture,non,mauvais,736000
Tsaralalana,134,1,interieur,sans,non,mauvais,897600
Analamahitsy,54,5,exterieur,sans,non,moyen,682000
Ambodivona,41,1,exterieur,moto,oui,moyen,378000
Andraharo,68,2,interieur,voiture_avec_par_parking,oui,bon,772800
Ankadifotsy,57,5,exterieur,moto,non,bon,847200
Soanierana,55,4,interieur,moto,oui,bon,768000
Soanierana,43,5,interieur,voiture,oui,mauvais,475200
Ambanidia,141,1,interieur,moto,oui,bon,1413600
Ankadifotsy,61,3,interieur,sans,oui,bon,765600
Ambatonakanga,29,5,interieur,voiture_avec_par_parking,non,mauvais,385600
Ampandrana,134,5,exterieur,moto,non,bon,1586400
Ambolokandrina,61,4,interieur,voiture,oui,bon,825600
Andraharo,23,3,exterieur,moto,oui,mauvais,267200
Ambolokandrina,23,2,interieur,moto,oui,mauvais,227200
Tanjombato,86,5,interieur,voiture,non,mauvais,750400
Ivandry,47,6,interieur,voiture,oui,bon,811200
Tanjombato,126,5,interieur,voiture_avec_par_parking,non,moyen,1258000
Andraharo,62,4,interieur,moto,non,moyen,696000
Isoraka,35,3,interieur,voiture,non,mauvais,344000
Ambodivona,130,4,interieur,voiture_avec_par_parking,non,mauvais,992000
Ambatoroka,22,1,interieur,voiture,oui,bon,271200
Ambanidia,73,5,exterieur,voiture,non,bon,1000800
Tanjombato,84,3,interieur,voiture,non,moyen,822000
Ambodivona,137,5,interieur,voiture_avec_par_parking,non,bon,1615200
Ambatobe,34,6,interieur,voiture_avec_par_parking,oui,mauvais,457600
Andoharanofotsy,135,2,exterieur,voiture,non,moyen,1180000
Ambatoroka,95,4,interieur,voiture_avec_par_parking,oui,moyen,960000
Anosibe,100,4,interieur,voiture_avec_par_parking,non,mauvais,800000
Ambolokandrina,72,2,interieur,voiture,non,bon,811200
Ankadifotsy,135,6,interieur,voiture_avec_par_parking,oui,mauvais,1104000
Ambatonakanga,123,4,exterieur,moto,non,moyen,1184000
Ambodivona,91,4,interieur,voiture,non,moyen,928000
Ambanidia,153,3,interieur,voiture_avec_par_parking,non,moyen,1374000
Ambodivona,145,5,exterieur,voiture_avec_par_parking,non,moyen,1410000
Tanjombato,44,4,exterieur,voiture,non,bon,662400
67Ha,176,3,interieur,sans,non,mauvais,1246400
Andraharo,27,3,exterieur,voiture,non,mauvais,292800
Tsaralalana,46,2,exterieur,sans,oui,bon,561600
Isoraka,46,5,exterieur,voiture_avec_par_parking,oui,moyen,618000
Ambodivona,100,1,interieur,voiture,oui,moyen,850000
Ampandrana,37,4,exterieur,voiture_avec_par_parking,oui,mauvais,396800
Ivandry,198,3,exterieur,voiture,oui,mauvais,1387200
Ambatobe,64,1,interieur,moto,non,mauvais,449600
Ankazobe,140,6,interieur,voiture,oui,moyen,1420000
Ambatonakanga,113,4,interieur,voiture_avec_par_parking,non,moyen,1104000
Ambanidia,68,3,interieur,sans,oui,moyen,694000
Anosibe,117,6,exterieur,sans,non,moyen,1236000
Soanierana,49,4,interieur,moto,non,bon,710400
Ambodivona,127,1,exterieur,moto,non,moyen,1066000
Anosibe,46,3,exterieur,voiture_avec_par_parking,oui,moyen,518000
Anosibe,77,5,interieur,voiture,oui,moyen,866000
Analakely,170,1,interieur,moto,non,bon,1692000
Ambolokandrina,40,6,exterieur,sans,oui,bon,744000
Anosibe,129,2,interieur,moto,oui,moyen,1132000
Tsaralalana,164,3,interieur,voiture,non,bon,1754400
Anosibe,147,4,exterieur,sans,non,moyen,1376000
Analamahitsy,61,2,interieur,sans,non,moyen,588000
Andoharanofotsy,155,1,interieur,voiture_avec_par_parking,oui,mauvais,1032000
Ampandrana,39,2,exterieur,sans,oui,bon,494400
Ambodivona,144,2,exterieur,voiture,oui,mauvais,1001600
Ampandrana,194,6,exterieur,voiture_avec_par_parking,oui,mauvais,1481600
Ivandry,77,6,exterieur,voiture,non,mauvais,732800
Ambodivona,44,1,exterieur,sans,non,mauvais,321600
Ampandrana,142,2,exterieur,moto,oui,bon,1483200
Andoharanofotsy,54,3,interieur,voiture,oui,bon,698400
Tanjombato,23,5,exterieur,moto,non,moyen,434000
Ambatobe,166,5,exterieur,voiture_avec_par_parking,oui,bon,1893600
Ambatoroka,112,4,exterieur,sans,non,mauvais,876800
Anosibe,116,5,exterieur,voiture_avec_par_parking,non,bon,1413600
Analakely,53,5,exterieur,voiture,non,moyen,674000
Ambanidia,28,2,interieur,voiture_avec_par_parking,oui,mauvais,259200
Tsaralalana,186,4,interieur,voiture,non,mauvais,1350400
67Ha,173,6,interieur,voiture_avec_par_parking,non,mauvais,1347200
Tsaralalana,74,4,interieur,sans,non,moyen,792000
Ambatoroka,21,6,exterieur,moto,non,bon,561600
67Ha,138,5,interieur,voiture,oui,mauvais,1083200
Tsaralalana,101,5,exterieur,sans,oui,moyen,1058000
Andraharo,164,2,exterieur,voiture,oui,bon,1694400
Anosibe,78,3,interieur,sans,non,bon,928800
Isoraka,27,2,exterieur,moto,oui,moyen,316000
Ambatobe,44,3,interieur,moto,oui,moyen,502000
Ankazobe,58,2,exterieur,moto,non,mauvais,451200
Anosibe,36,5,exterieur,voiture,non,mauvais,430400
Andoharanofotsy,84,4,exterieur,sans,oui,moyen,872000
Ankazobe,95,3,interieur,sans,non,mauvais,728000
Andraharo,94,2,exterieur,moto,non,moyen,852000
Ambodivona,118,4,exterieur,moto,non,bon,1372800
Ambodivona,156,4,interieur,voiture,non,moyen,1448000
Soanierana,170,2,interieur,sans,oui,bon,1752000
Ambatobe,44,2,exterieur,sans,oui,bon,542400
Analamahitsy,126,2,exterieur,moto,non,bon,1329600
Andraharo,59,6,interieur,voiture_avec_par_parking,oui,mauvais,617600
Anosibe,93,1,interieur,voiture_avec_par_parking,oui,bon,952800
Ambolokandrina,174,5,exterieur,moto,non,mauvais,1313600
Ivandry,141,1,exterieur,voiture_avec_par_parking,non,moyen,1178000
67Ha,48,2,interieur,moto,non,mauvais,387200
Ambatobe,112,3,exterieur,sans,oui,moyen,1046000
Ambatonakanga,101,1,exterieur,voiture,oui,mauvais,686400
Anosibe,86,3,exterieur,sans,non,moyen,838000
Ambanidia,134,2,exterieur,voiture,oui,moyen,1172000
Ambatoroka,145,1,interieur,moto,non,bon,1452000
Ivandry,27,1,interieur,voiture,oui,moyen,266000
Ankazobe,71,2,interieur,voiture_avec_par_parking,non,moyen,668000
Ampandrana,193,2,interieur,sans,non,mauvais,1315200
Ambatobe,155,2,exterieur,voiture,oui,bon,1608000
Tanjombato,182,5,exterieur,voiture_avec_par_parking,non,moyen,1706000
Andraharo,142,1,interieur,moto,non,mauvais,948800
Ankazobe,58,4,exterieur,voiture_avec_par_parking,non,moyen,664000
Ankadifotsy,64,4,interieur,sans,oui,moyen,712000
Ambodivona,134,4,exterieur,voiture,oui,bon,1526400
Isoraka,35,5,exterieur,voiture_avec_par_parking,oui,bon,636000
Ambatobe,63,6,exterieur,sans,oui,moyen,804000
Soanierana,45,1,interieur,voiture_avec_par_parking,non,bon,492000
Soanierana,57,5,interieur,voiture,non,mauvais,564800
Ambatobe,64,3,interieur,moto,non,bon,794400
Ambatobe,177,4,interieur,moto,non,bon,1939200
Tanjombato,63,1,exterieur,voiture,oui,mauvais,443200
Ambodivona,175,5,exterieur,voiture_avec_par_parking,oui,bon,1980000
Soanierana,70,1,interieur,moto,non,mauvais,488000
Ambolokandrina,62,1,exterieur,voiture,non,bon,655200
Ambolokandrina,102,3,exterieur,voiture_avec_par_parking,non,bon,1159200
67Ha,190,1,interieur,voiture,oui,bon,1884000
Tanjombato,94,3,exterieur,voiture,non,mauvais,721600
Tsaralalana,129,4,interieur,voiture,oui,moyen,1232000
Andoharanofotsy,199,6,interieur,sans,non,mauvais,1513600
Andoharanofotsy,85,2,interieur,voiture_avec_par_parking,oui,mauvais,624000
Soanierana,80,4,interieur,moto,non,mauvais,672000
Andraharo,120,4,exterieur,sans,oui,bon,1392000
Ivandry,93,5,exterieur,moto,non,bon,1192800
Tanjombato,141,3,exterieur,sans,oui,mauvais,1022400
Anosibe,142,3,exterieur,voiture_avec_par_parking,non,mauvais,1028800
Ampandrana,123,6,interieur,sans,non,mauvais,1027200
Tsaralalana,189,5,exterieur,voiture_avec_par_parking,oui,moyen,1762000
Tanjombato,193,4,exterieur,sans,non,bon,2092800
Andoharanofotsy,32,2,interieur,moto,oui,moyen,356000
Ambatobe,97,2,interieur,voiture,non,mauvais,700800
Ankadifotsy,126,1,exterieur,voiture_avec_par_parking,non,bon,1269600
Andoharanofotsy,183,1,interieur,voiture,non,moyen,1514000
Ampandrana,45,6,exterieur,moto,non,moyen,660000
Ankazobe,192,5,exterieur,voiture,oui,mauvais,1428800
Ankazobe,108,4,interieur,voiture_avec_par_parking,non,mauvais,851200
Tsaralalana,181,6,exterieur,sans,oui,bon,2097600
Soanierana,64,4,exterieur,moto,oui,bon,854400
Tanjombato,126,6,interieur,sans,oui,mauvais,1046400
Ambanidia,119,6,exterieur,moto,non,moyen,1252000
Andoharanofotsy,173,1,exterieur,sans,non,mauvais,1147200
Isoraka,94,5,interieur,sans,oui,moyen,1002000
Anosibe,63,3,interieur,sans,non,bon,784800
Soanierana,111,5,interieur,sans,oui,mauvais,910400
Anosibe,142,3,exterieur,voiture,oui,mauvais,1028800
Ambatobe,162,2,exterieur,sans,oui,mauvais,1116800
Ampandrana,79,1,interieur,sans,oui,moyen,682000
Ambodivona,38,1,exterieur,sans,oui,mauvais,283200
Ampandrana,153,2,exterieur,voiture_avec_par_parking,non,mauvais,1059200
Isoraka,136,2,interieur,moto,non,bon,1425600
Ambodivona,137,5,interieur,moto,oui,bon,1615200
Analakely,179,2,exterieur,voiture_avec_par_parking,non,moyen,1532000
Ankazobe,59,2,interieur,voiture,oui,mauvais,457600
Anosibe,32,2,exterieur,moto,non,moyen,356000
Andoharanofotsy,74,5,interieur,moto,oui,mauvais,673600
Andoharanofotsy,121,1,interieur,voiture_avec_par_parking,non,mauvais,814400
Analamahitsy,149,3,exterieur,voiture_avec_par_parking,non,bon,1610400
Ivandry,141,2,exterieur,voiture_avec_par_parking,non,bon,1473600
67Ha,125,1,exterieur,sans,oui,mauvais,840000
Anosibe,66,2,exterieur,sans,oui,mauvais,502400
Soanierana,182,6,exterieur,sans,non,moyen,1756000
Ambatonakanga,105,6,exterieur,voiture_avec_par_parking,oui,moyen,1140000
Analakely,75,1,exterieur,voiture,oui,moyen,650000
Andraharo,74,3,interieur,voiture_avec_par_parking,oui,bon,890400
Ankadifotsy,173,3,exterieur,moto,non,bon,1840800
Tanjombato,55,1,exterieur,voiture,oui,moyen,490000
Ambatobe,119,2,exterieur,voiture,non,bon,1262400
Ivandry,148,1,interieur,voiture_avec_par_parking,non,moyen,1234000
Ampandrana,187,6,exterieur,voiture,non,moyen,1796000
Ankazobe,160,2,exterieur,sans,non,moyen,1380000
Analamahitsy,128,3,exterieur,moto,non,moyen,1174000
Analakely,53,3,exterieur,sans,oui,moyen,574000
Anosibe,50,3,interieur,voiture,oui,bon,660000
Ambodivona,130,1,interieur,voiture,oui,bon,1308000
Ambodivona,77,4,interieur,voiture_avec_par_parking,oui,bon,979200
Anosibe,178,1,exterieur,sans,oui,mauvais,1179200
67Ha,129,4,exterieur,voiture_avec_par_parking,oui,moyen,1232000
Tsaralalana,166,5,interieur,sans,non,moyen,1578000
Ambanidia,164,3,exterieur,sans,oui,moyen,1462000
Ankazobe,146,1,exterieur,voiture,non,mauvais,974400
Isoraka,48,3,interieur,voiture_avec_par_parking,oui,mauvais,427200
Anosibe,49,1,exterieur,moto,oui,moyen,442000
Ivandry,180,2,interieur,voiture_avec_par_parking,oui,mauvais,1232000
Analakely,20,4,exterieur,sans,non,bon,432000
Analakely,61,4,interieur,moto,oui,moyen,688000
Ambolokandrina,69,5,exterieur,sans,non,moyen,802000
67Ha,198,1,exterieur,voiture,non,bon,1960800
Tsaralalana,143,3,exterieur,moto,non,bon,1552800
Andoharanofotsy,25,5,exterieur,voiture,oui,bon,540000
Analamahitsy,179,1,interieur,voiture_avec_par_parking,oui,mauvais,1185600
Tanjombato,32,3,exterieur,voiture,oui,bon,487200
Ambatoroka,107,3,interieur,voiture_avec_par_parking,non,mauvais,804800
Ankadifotsy,194,4,exterieur,voiture,non,mauvais,1401600
Analakely,33,1,exterieur,sans,oui,bon,376800
Soanierana,83,2,interieur,moto,non,mauvais,611200
Ambatoroka,49,1,interieur,voiture_avec_par_parking,non,moyen,442000
67Ha,184,5,interieur,voiture_avec_par_parking,non,mauvais,1377600
Ankazobe,176,5,exterieur,voiture_avec_par_parking,non,bon,1989600
Andraharo,67,4,exterieur,voiture,non,mauvais,588800
Analamahitsy,126,5,exterieur,voiture_avec_par_parking,oui,bon,1509600
Andraharo,74,5,exterieur,moto,oui,bon,1010400
Tsaralalana,189,5,exterieur,moto,oui,mauvais,1409600
Ambatoroka,21,6,interieur,voiture,oui,moyen,468000
67Ha,153,6,interieur,moto,oui,mauvais,1219200
Isoraka,153,2,exterieur,sans,non,bon,1588800
Ambatobe,66,5,interieur,sans,oui,moyen,778000
Ambatobe,44,5,exterieur,voiture_avec_par_parking,oui,moyen,602000
Ankadifotsy,96,6,exterieur,moto,non,bon,1281600
Ambatobe,34,3,exterieur,moto,non,bon,506400
Analakely,21,6,exterieur,voiture_avec_par_parking,non,mauvais,374400
Anosibe,182,6,interieur,voiture_avec_par_parking,oui,moyen,1756000
Ambolokandrina,192,2,exterieur,moto,oui,mauvais,1308800
Analakely,90,6,interieur,sans,oui,bon,1224000
Soanierana,75,6,exterieur,voiture,non,moyen,900000
Tsaralalana,137,2,exterieur,voiture,non,moyen,1196000
Ivandry,164,5,interieur,voiture,non,moyen,1562000
Isoraka,146,2,interieur,voiture,non,mauvais,1014400
Ambatonakanga,29,4,exterieur,voiture_avec_par_parking,non,mauvais,345600
Ankazobe,62,4,interieur,voiture,oui,bon,835200
Ambodivona,196,5,interieur,moto,oui,bon,2181600
Tsaralalana,134,2,exterieur,voiture_avec_par_parking,oui,bon,1406400
Tanjombato,68,1,interieur,voiture,oui,bon,712800
Ambodivona,43,4,exterieur,voiture,non,moyen,544000
Ankadifotsy,143,1,interieur,voiture,non,bon,1432800
Ambolokandrina,119,6,exterieur,moto,non,bon,1502400
Isoraka,57,4,interieur,sans,oui,mauvais,524800
Tsaralalana,54,5,interieur,moto,non,mauvais,545600
Ambolokandrina,101,5,exterieur,moto,oui,moyen,1058000
Ambodivona,176,3,interieur,voiture_avec_par_parking,non,moyen,1558000
Andoharanofotsy,52,6,interieur,voiture_avec_par_parking,oui,moyen,716000
Isoraka,95,2,interieur,moto,oui,bon,1032000
Ivandry,97,3,interieur,voiture,non,bon,1111200
Ambatoroka,113,4,exterieur,sans,non,mauvais,883200
Tsaralalana,70,5,interieur,sans,non,mauvais,648000
Soanierana,143,1,interieur,voiture,non,mauvais,955200
Ambanidia,124,4,interieur,sans,oui,mauvais,953600
Isoraka,150,4,interieur,sans,non,bon,1680000
Analakely,149,2,interieur,voiture_avec_par_parking,oui,mauvais,1033600
Isoraka,198,4,interieur,voiture_avec_par_parking,oui,moyen,1784000
Ambatonakanga,200,5,exterieur,sans,non,moyen,1850000
Ambolokandrina,145,2,exterieur,voiture,non,bon,1512000
Ambolokandrina,59,1,exterieur,voiture_avec_par_parking,non,bon,626400
67Ha,96,1,exterieur,voiture,non,bon,981600
Anosibe,99,6,exterieur,sans,oui,moyen,1092000
Ivandry,97,6,interieur,moto,non,mauvais,860800
Soanierana,48,5,exterieur,moto,oui,moyen,634000
Ambanidia,97,6,interieur,moto,oui,moyen,1076000
Anosibe,23,5,exterieur,sans,oui,moyen,434000
Ambanidia,90,5,interieur,moto,oui,bon,1164000
Tanjombato,100,2,exterieur,moto,non,bon,1080000
Anosibe,73,5,interieur,sans,oui,bon,1000800
Andraharo,153,1,exterieur,sans,non,mauvais,1019200
Soanierana,56,1,interieur,voiture,oui,mauvais,398400
Ambatobe,178,4,interieur,voiture_avec_par_parking,oui,moyen,1624000
67Ha,78,1,interieur,sans,non,moyen,674000
Ambolokandrina,175,1,exterieur,moto,non,bon,1740000
Ivandry,199,5,interieur,moto,oui,mauvais,1473600
Ambodivona,118,5,interieur,voiture,oui,moyen,1194000
Ambanidia,155,2,exterieur,voiture_avec_par_parking,non,moyen,1340000
Andraharo,121,2,interieur,voiture,non,moyen,1068000
Ambanidia,41,5,interieur,sans,oui,moyen,578000
67Ha,128,6,exterieur,voiture_avec_par_parking,oui,mauvais,1059200
Andraharo,160,2,exterieur,moto,oui,moyen,1380000
Ambatonakanga,179,6,exterieur,moto,oui,bon,2078400
Ankadifotsy,62,4,exterieur,voiture_avec_par_parking,non,moyen,696000
Analamahitsy,101,1,exterieur,voiture_avec_par_parking,non,moyen,858000
Tsaralalana,160,6,interieur,voiture,non,mauvais,1264000
Ambatonakanga,116,5,exterieur,voiture,non,moyen,1178000
Ampandrana,119,6,exterieur,voiture,non,bon,1502400
67Ha,127,2,interieur,voiture_avec_par_parking,non,bon,1339200
Ankadifotsy,92,1,exterieur,moto,non,moyen,786000
Ambatonakanga,147,6,interieur,moto,oui,bon,1771200
Ambatonakanga,30,1,exterieur,voiture,non,mauvais,232000
Anosibe,84,6,interieur,voiture,non,bon,1166400
Andoharanofotsy,26,1,exterieur,voiture_avec_par_parking,oui,moyen,258000
Ampandrana,26,3,interieur,voiture,oui,bon,429600
Ambatoroka,109,2,interieur,sans,oui,mauvais,777600
Soanierana,106,6,exterieur,moto,oui,moyen,1148000
Tanjombato,56,3,exterieur,voiture,non,moyen,598000
Ampandrana,191,4,interieur,voiture_avec_par_parking,oui,mauvais,1382400
Analakely,28,2,interieur,moto,non,moyen,324000
Andoharanofotsy,97,1,exterieur,sans,oui,moyen,826000
Ambanidia,95,1,interieur,voiture_avec_par_parking,oui,moyen,810000
Anosibe,143,2,interieur,moto,oui,bon,1492800
Analakely,23,1,interieur,voiture,non,mauvais,187200
Ankadifotsy,173,5,exterieur,sans,non,mauvais,1307200
Isoraka,50,5,exterieur,sans,non,moyen,650000
Ambatoroka,25,2,exterieur,moto,oui,bon,360000
67Ha,47,6,interieur,voiture_avec_par_parking,oui,mauvais,540800
Ambatoroka,162,5,exterieur,voiture,oui,moyen,1546000
Tanjombato,43,2,interieur,voiture,non,mauvais,355200
Analakely,41,3,interieur,voiture,oui,bon,573600
Analakely,39,4,interieur,voiture,non,bon,614400
67Ha,126,5,exterieur,sans,oui,mauvais,1006400
Anosibe,48,1,exterieur,sans,oui,bon,520800
Ambanidia,128,5,interieur,sans,oui,moyen,1274000
Ankazobe,193,5,interieur,moto,non,mauvais,1435200
Ambatoroka,198,2,exterieur,voiture,non,moyen,1684000
Ambodivona,62,4,interieur,sans,oui,moyen,696000
Ambanidia,181,4,interieur,voiture,non,bon,1977600
Analamahitsy,28,3,exterieur,moto,oui,bon,448800
Analakely,98,5,interieur,voiture_avec_par_parking,oui,mauvais,827200
Analamahitsy,128,3,interieur,voiture_avec_par_parking,non,moyen,1174000
67Ha,135,4,exterieur,sans,oui,bon,1536000
Ambatoroka,67,4,interieur,voiture_avec_par_parking,oui,mauvais,588800
Ampandrana,116,3,interieur,sans,oui,mauvais,862400
Ambanidia,161,3,exterieur,sans,non,bon,1725600
Isoraka,139,1,exterieur,voiture,non,moyen,1162000
Ambatoroka,162,6,interieur,voiture_avec_par_parking,non,moyen,1596000
Andraharo,41,5,interieur,moto,oui,mauvais,462400
Analamahitsy,177,4,interieur,moto,non,bon,1939200
Ambatoroka,138,5,exterieur,voiture_avec_par_parking,oui,mauvais,1083200
Ankazobe,190,1,exterieur,voiture,non,bon,1884000
Andoharanofotsy,138,1,interieur,voiture_avec_par_parking,non,moyen,1154000
Isoraka,41,1,exterieur,moto,oui,moyen,378000
Analakely,181,6,interieur,sans,oui,bon,2097600
Ivandry,137,6,exterieur,voiture_avec_par_parking,non,mauvais,1116800
Tanjombato,180,3,interieur,moto,oui,mauvais,1272000
67Ha,129,1,exterieur,voiture,oui,mauvais,865600
Ankazobe,180,4,exterieur,voiture,non,bon,1968000
Ambolokandrina,75,5,exterieur,voiture_avec_par_parking,oui,bon,1020000
Ankazobe,170,6,exterieur,voiture_avec_par_parking,oui,bon,1992000
Ankazobe,142,4,exterieur,moto,oui,mauvais,1068800
Ambatobe,129,5,exterieur,sans,non,moyen,1282000
Tsaralalana,63,4,interieur,voiture,non,bon,844800
Andraharo,155,2,exterieur,voiture_avec_par_parking,non,bon,1608000
Isoraka,59,4,interieur,moto,oui,moyen,672000
Tsaralalana,131,3,exterieur,voiture,non,mauvais,958400
Isoraka,98,2,exterieur,sans,oui,moyen,884000
Andoharanofotsy,101,1,exterieur,sans,oui,moyen,858000
Analamahitsy,200,5,interieur,voiture_avec_par_parking,non,mauvais,1480000
Andoharanofotsy,41,1,exterieur,moto,non,mauvais,302400
Andoharanofotsy,135,5,exterieur,sans,non,moyen,1330000
Ambatonakanga,192,4,exterieur,voiture,oui,moyen,1736000
Andraharo,167,3,interieur,voiture_avec_par_parking,oui,mauvais,1188800
Ivandry,53,2,exterieur,moto,oui,bon,628800
Ankadifotsy,157,4,exterieur,sans,non,moyen,1456000
Soanierana,29,1,exterieur,moto,oui,moyen,282000
Analakely,99,6,exterieur,moto,oui,bon,1310400
Ivandry,96,1,interieur,voiture_avec_par_parking,oui,mauvais,654400
Isoraka,33,4,interieur,moto,non,bon,556800
Tsaralalana,65,6,exterieur,voiture_avec_par_parking,non,bon,984000
Ambatonakanga,86,6,exterieur,voiture,oui,moyen,988000
Ivandry,140,5,interieur,voiture_avec_par_parking,oui,moyen,1370000
Ambatonakanga,124,2,exterieur,moto,non,moyen,1092000
Ambatobe,32,5,interieur,voiture_avec_par_parking,non,mauvais,404800
Ambolokandrina,69,4,interieur,voiture,oui,bon,902400
Ambanidia,154,6,exterieur,voiture_avec_par_parking,non,mauvais,1225600
Ankadifotsy,85,2,exterieur,voiture,oui,bon,936000
Isoraka,78,5,exterieur,sans,non,bon,1048800
Ampandrana,173,6,interieur,voiture,oui,mauvais,1347200
Ampandrana,58,6,exterieur,moto,non,bon,916800
Ambatoroka,130,4,interieur,sans,oui,moyen,1240000
Anosibe,88,6,interieur,voiture_avec_par_parking,non,mauvais,803200
Ambodivona,85,5,interieur,voiture_avec_par_parking,oui,bon,1116000
Isoraka,49,3,interieur,voiture_avec_par_parking,oui,moyen,542000
Ivandry,130,5,interieur,voiture,oui,mauvais,1032000
Ambodivona,116,5,interieur,voiture_avec_par_parking,oui,mauvais,942400
Ivandry,145,2,exterieur,voiture_avec_par_parking,non,bon,1512000
Isoraka,21,6,exterieur,moto,non,bon,561600
Soanierana,114,3,exterieur,voiture_avec_par_parking,non,mauvais,849600
Ambatoroka,124,6,exterieur,voiture,non,moyen,1292000
Ampandrana,55,2,interieur,voiture,non,mauvais,432000
Soanierana,199,1,interieur,moto,oui,bon,1970400
Ambolokandrina,85,1,exterieur,voiture_avec_par_parking,non,bon,876000
67Ha,196,5,interieur,voiture,oui,mauvais,1454400
Ankadifotsy,167,6,exterieur,voiture,non,mauvais,1308800
Ambodivona,145,3,exterieur,voiture_avec_par_parking,non,moyen,1310000
Isoraka,67,6,interieur,voiture_avec_par_parking,non,mauvais,668800
Ankazobe,68,4,exterieur,voiture_avec_par_parking,oui,moyen,744000
Analamahitsy,125,3,exterieur,sans,oui,mauvais,920000
Ampandrana,146,1,interieur,sans,oui,moyen,1218000
Ankadifotsy,25,5,exterieur,voiture,oui,moyen,450000
Andraharo,165,1,exterieur,voiture,non,moyen,1370000
Ambatobe,60,2,interieur,voiture_avec_par_parking,oui,mauvais,464000
Ivandry,85,1,exterieur,moto,oui,bon,876000
Soanierana,48,2,interieur,sans,non,mauvais,387200
Ivandry,27,5,exterieur,moto,oui,mauvais,372800
Ambatoroka,122,4,interieur,voiture,oui,moyen,1176000
67Ha,141,4,interieur,voiture,oui,mauvais,1062400
Andoharanofotsy,68,5,exterieur,voiture,oui,moyen,794000
Ampandrana,144,6,interieur,moto,non,bon,1742400
Andoharanofotsy,92,3,exterieur,moto,oui,moyen,886000
Ankazobe,130,2,exterieur,moto,oui,moyen,1140000
Andraharo,175,6,interieur,voiture,oui,mauvais,1360000
Ambatonakanga,54,2,exterieur,moto,non,mauvais,425600
Anosibe,181,3,interieur,moto,oui,mauvais,1278400
Ivandry,115,3,interieur,moto,oui,bon,1284000
Ambanidia,55,4,interieur,sans,oui,bon,768000
Ankadifotsy,26,6,exterieur,voiture,oui,moyen,508000
Ambolokandrina,37,1,interieur,moto,non,moyen,346000
Analakely,85,3,interieur,voiture_avec_par_parking,oui,bon,996000
Andoharanofotsy,83,2,exterieur,moto,oui,mauvais,611200
Ivandry,52,5,interieur,moto,non,mauvais,532800
Andoharanofotsy,62,3,exterieur,voiture_avec_par_parking,oui,moyen,646000
Analamahitsy,58,3,exterieur,sans,oui,bon,736800
Soanierana,139,1,exterieur,moto,non,moyen,1162000
Anosibe,59,5,exterieur,sans,oui,mauvais,577600
Analamahitsy,29,1,interieur,moto,oui,bon,338400
Ivandry,149,6,interieur,sans,non,moyen,1492000
Isoraka,74,1,exterieur,sans,non,mauvais,513600
Anosibe,116,3,exterieur,voiture_avec_par_parking,non,moyen,1078000
Ambodivona,24,6,exterieur,moto,oui,mauvais,393600
Analamahitsy,103,1,interieur,voiture_avec_par_parking,non,bon,1048800
Tanjombato,52,6,exterieur,voiture_avec_par_parking,non,moyen,716000
Analamahitsy,90,5,exterieur,voiture_avec_par_parking,non,moyen,970000
Ampandrana,125,3,interieur,moto,oui,mauvais,920000
Ambanidia,151,3,interieur,moto,non,moyen,1358000
Ambatoroka,174,1,interieur,moto,non,mauvais,1153600
Ampandrana,100,2,interieur,voiture,oui,mauvais,720000
Ambodivona,48,5,exterieur,moto,oui,mauvais,507200
Ankazobe,127,2,interieur,voiture,non,bon,1339200
67Ha,105,3,exterieur,sans,non,bon,1188000
Andraharo,110,2,interieur,sans,non,bon,1176000
Analakely,85,4,exterieur,sans,oui,bon,1056000
Anosibe,80,5,exterieur,voiture,non,moyen,890000
Tanjombato,59,6,interieur,voiture_avec_par_parking,non,moyen,772000
Isoraka,45,2,interieur,sans,oui,mauvais,368000
Ambolokandrina,164,5,exterieur,voiture_avec_par_parking,oui,bon,1874400
Isoraka,186,6,exterieur,moto,non,mauvais,1430400
Ambatoroka,183,6,exterieur,sans,non,mauvais,1411200
Tsaralalana,116,5,exterieur,moto,non,bon,1413600
Ambanidia,136,4,exterieur,moto,oui,mauvais,1030400
Soanierana,109,6,interieur,sans,non,bon,1406400
Tanjombato,161,2,exterieur,voiture,non,bon,1665600
Tanjombato,153,3,interieur,sans,oui,bon,1648800
Ambatoroka,75,4,exterieur,sans,non,bon,960000
Ampandrana,43,2,exterieur,sans,oui,moyen,444000
67Ha,55,3,interieur,voiture_avec_par_parking,non,mauvais,472000
Ambatoroka,75,3,interieur,moto,oui,bon,900000
Andoharanofotsy,76,3,interieur,voiture_avec_par_parking,oui,moyen,758000
Ambatoroka,109,2,exterieur,sans,oui,mauvais,777600
Ambatobe,40,4,interieur,sans,oui,mauvais,416000
Soanierana,194,1,interieur,voiture_avec_par_parking,oui,mauvais,1281600
Ambatobe,159,1,interieur,voiture,oui,moyen,1322000
Ambodivona,23,5,interieur,moto,non,mauvais,347200
Isoraka,136,3,interieur,moto,non,bon,1485600
Isoraka,102,2,exterieur,voiture,non,mauvais,732800
Ivandry,152,3,interieur,voiture,non,moyen,1366000
Andoharanofotsy,136,6,exterieur,voiture,oui,moyen,1388000
Isoraka,85,4,exterieur,sans,oui,mauvais,704000
Ambatonakanga,178,2,exterieur,moto,non,mauvais,1219200
Soanierana,33,5,interieur,voiture,oui,mauvais,411200
Isoraka,78,4,exterieur,voiture_avec_par_parking,oui,moyen,824000
Andoharanofotsy,103,6,interieur,sans,non,moyen,1124000
Analakely,39,3,exterieur,voiture,oui,mauvais,369600
Ampandrana,32,6,interieur,voiture_avec_par_parking,non,mauvais,444800
Ambanidia,129,6,interieur,moto,oui,moyen,1332000
Andoharanofotsy,79,6,exterieur,sans,non,mauvais,745600
Ambanidia,109,4,interieur,voiture,non,mauvais,857600
Tsaralalana,79,4,interieur,voiture_avec_par_parking,non,mauvais,665600
Tanjombato,119,6,interieur,voiture,oui,mauvais,1001600
Analamahitsy,137,5,interieur,voiture_avec_par_parking,non,moyen,1346000
67Ha,150,5,exterieur,moto,non,moyen,1450000
Analamahitsy,103,1,interieur,moto,oui,mauvais,699200
Ampandrana,63,1,exterieur,sans,oui,mauvais,443200
Ambodivona,61,4,exterieur,voiture_avec_par_parking,oui,mauvais,550400
67Ha,76,5,exterieur,sans,non,mauvais,686400
Andraharo,144,1,exterieur,moto,non,mauvais,961600
Analamahitsy,48,5,interieur,voiture_avec_par_parking,non,bon,760800
Andoharanofotsy,137,3,interieur,sans,oui,moyen,1246000
Andoharanofotsy,150,1,exterieur,voiture,non,mauvais,1000000
Anosibe,144,3,exterieur,sans,non,moyen,1302000
Ambanidia,187,4,exterieur,sans,oui,bon,2035200
Ambolokandrina,22,1,exterieur,sans,non,moyen,226000
Ampandrana,84,2,interieur,sans,non,moyen,772000
Ivandry,167,4,interieur,voiture,oui,mauvais,1228800
Ambolokandrina,50,6,exterieur,moto,non,moyen,700000
Ambanidia,131,2,exterieur,moto,oui,mauvais,918400
Ankazobe,158,4,exterieur,moto,oui,moyen,1464000
Ambatobe,191,2,interieur,sans,oui,moyen,1628000
Isoraka,112,6,interieur,moto,oui,moyen,1196000
Ivandry,190,5,interieur,moto,non,bon,2124000
Ivandry,177,5,exterieur,voiture_avec_par_parking,oui,mauvais,1332800
67Ha,154,5,interieur,voiture_avec_par_parking,non,mauvais,1185600
Tsaralalana,76,1,exterieur,sans,oui,bon,789600
Tsaralalana,191,6,exterieur,voiture,oui,mauvais,1462400
Ambatonakanga,139,3,interieur,voiture_avec_par_parking,non,moyen,1262000
Ambolokandrina,22,5,interieur,moto,oui,bon,511200
Analakely,107,2,interieur,sans,oui,mauvais,764800
Anosibe,113,3,interieur,voiture,non,moyen,1054000
Ivandry,109,1,exterieur,voiture_avec_par_parking,non,moyen,922000
Ankadifotsy,199,2,interieur,moto,oui,bon,2030400
Tsaralalana,200,1,exterieur,moto,oui,moyen,1650000
Ivandry,35,5,interieur,moto,oui,bon,636000
Ambatoroka,166,3,exterieur,sans,non,mauvais,1182400
Ambatonakanga,129,1,interieur,voiture,non,bon,1298400
Soanierana,137,6,interieur,voiture_avec_par_parking,non,mauvais,1116800
Soanierana,193,2,exterieur,voiture_avec_par_parking,oui,bon,1972800
67Ha,117,4,exterieur,voiture,oui,bon,1363200
Ambolokandrina,81,4,interieur,voiture,oui,moyen,848000
Ambatoroka,69,3,interieur,voiture,non,moyen,702000
Ivandry,50,2,interieur,moto,oui,mauvais,400000
Ambolokandrina,108,5,exterieur,sans,oui,bon,1336800
Ankadifotsy,173,1,exterieur,moto,oui,bon,1720800
Ambatoroka,34,4,interieur,voiture_avec_par_parking,non,moyen,472000
Ampandrana,116,5,interieur,moto,non,bon,1413600
Analakely,102,6,exterieur,voiture_avec_par_parking,non,moyen,1116000
Tanjombato,52,5,interieur,sans,non,moyen,666000
Andoharanofotsy,112,4,interieur,moto,oui,bon,1315200
Ambatobe,175,4,exterieur,moto,oui,mauvais,1280000
Ambatoroka,145,4,interieur,sans,oui,mauvais,1088000
Ambatoroka,90,4,exterieur,moto,non,mauvais,736000
Ambanidia,190,5,interieur,moto,oui,moyen,1770000
Ambodivona,24,3,interieur,sans,oui,moyen,342000
Ambatoroka,189,6,interieur,voiture,oui,mauvais,1449600
Analamahitsy,172,5,exterieur,voiture,non,mauvais,1300800
Andoharanofotsy,110,1,exterieur,voiture_avec_par_parking,oui,bon,1116000
Tanjombato,183,4,interieur,voiture,non,bon,1996800
Tsaralalana,133,4,exterieur,moto,non,moyen,1264000
Ampandrana,73,1,interieur,moto,non,mauvais,507200
Ankadifotsy,99,5,interieur,voiture,oui,bon,1250400
Tanjombato,48,4,exterieur,moto,non,moyen,584000
Ambolokandrina,187,5,interieur,voiture_avec_par_parking,oui,bon,2095200
Analakely,31,6,exterieur,moto,oui,moyen,548000
Ambanidia,72,5,exterieur,sans,oui,moyen,826000
Ambatobe,183,3,exterieur,moto,non,mauvais,1291200
Ambodivona,189,4,exterieur,voiture_avec_par_parking,oui,moyen,1712000
67Ha,178,6,interieur,moto,oui,bon,2068800
Ampandrana,32,5,exterieur,sans,non,mauvais,404800
67Ha,71,2,interieur,voiture_avec_par_parking,non,moyen,668000
Analamahitsy,164,2,exterieur,voiture_avec_par_parking,non,mauvais,1129600
Ivandry,157,4,interieur,voiture,non,moyen,1456000
Ambolokandrina,144,2,interieur,voiture,oui,mauvais,1001600
Ambolokandrina,127,5,interieur,moto,oui,moyen,1266000
Anosibe,21,1,interieur,sans,oui,moyen,218000
Tsaralalana,25,1,interieur,voiture,oui,mauvais,200000
Ambatobe,155,2,interieur,voiture,oui,bon,1608000
Ivandry,151,3,exterieur,voiture_avec_par_parking,oui,bon,1629600
Ambanidia,33,3,exterieur,voiture_avec_par_parking,non,moyen,414000
Andraharo,96,1,interieur,sans,oui,bon,981600
Ambatonakanga,64,1,exterieur,voiture_avec_par_parking,non,mauvais,449600
Andoharanofotsy,105,2,exterieur,moto,oui,mauvais,752000
Tanjombato,29,3,interieur,sans,oui,mauvais,305600
Ambanidia,200,6,interieur,voiture_avec_par_parking,non,mauvais,1520000
Tanjombato,27,1,exterieur,sans,oui,mauvais,212800
Ambolokandrina,127,1,interieur,moto,non,moyen,1066000
Analakely,191,2,interieur,sans,non,moyen,1628000
Soanierana,60,1,exterieur,voiture,oui,mauvais,424000
Andraharo,102,3,exterieur,voiture,oui,moyen,966000
Tsaralalana,179,3,exterieur,sans,non,mauvais,1265600
Ankadifotsy,200,2,interieur,moto,oui,mauvais,1360000
Soanierana,24,2,interieur,sans,oui,moyen,292000
Ambolokandrina,184,4,interieur,moto,oui,moyen,1672000
Ivandry,80,6,exterieur,sans,non,mauvais,752000
Tsaralalana,111,6,interieur,sans,oui,mauvais,950400
Ambatobe,35,2,interieur,sans,non,mauvais,304000
Ambatonakanga,169,3,interieur,voiture_avec_par_parking,oui,mauvais,1201600
Ambatoroka,49,2,exterieur,voiture_avec_par_parking,oui,moyen,492000
Analamahitsy,60,6,exterieur,sans,oui,bon,936000
Ambolokandrina,118,4,exterieur,sans,oui,mauvais,915200
Tanjombato,154,3,interieur,voiture_avec_par_parking,oui,mauvais,1105600
67Ha,87,2,exterieur,sans,non,bon,955200
Ampandrana,50,6,interieur,voiture,non,bon,840000
Ivandry,140,5,exterieur,voiture,non,bon,1644000
Andoharanofotsy,49,5,exterieur,voiture,non,bon,770400
Tsaralalana,174,6,exterieur,voiture,non,moyen,1692000
Ambatonakanga,135,5,exterieur,voiture,non,moyen,1330000
Isoraka,88,4,exterieur,voiture,oui,bon,1084800
Isoraka,130,1,interieur,voiture_avec_par_parking,oui,mauvais,872000
Tanjombato,93,4,interieur,sans,oui,moyen,944000
Tsaralalana,116,6,exterieur,sans,non,moyen,1228000
Ampandrana,71,5,exterieur,voiture,non,bon,981600
Ambolokandrina,170,3,exterieur,moto,oui,moyen,1510000
Ambodivona,83,1,interieur,sans,non,moyen,714000
Ambolokandrina,93,2,exterieur,sans,oui,moyen,844000
Anosibe,192,1,interieur,moto,non,bon,1903200
Ivandry,70,4,interieur,voiture,oui,bon,912000
Ankadifotsy,47,5,interieur,moto,non,moyen,626000
Soanierana,67,2,interieur,voiture,oui,bon,763200
Tanjombato,50,4,exterieur,sans,non,mauvais,480000
Ambolokandrina,128,1,exterieur,voiture_avec_par_parking,oui,bon,1288800
Ambolokandrina,164,2,exterieur,voiture_avec_par_parking,non,mauvais,1129600
Tsaralalana,108,4,exterieur,sans,oui,mauvais,851200
Andraharo,103,3,exterieur,sans,non,bon,1168800
Soanierana,158,2,exterieur,moto,non,mauvais,1091200
Ambanidia,85,5,exterieur,moto,oui,mauvais,744000
Ankadifotsy,41,6,exterieur,voiture,oui,moyen,628000
Analamahitsy,145,4,exterieur,moto,non,bon,1632000
Soanierana,124,4,exterieur,moto,oui,moyen,1192000
Andraharo,124,6,interieur,sans,oui,bon,1550400
Andoharanofotsy,46,6,interieur,moto,non,bon,801600
Andoharanofotsy,123,1,exterieur,moto,oui,bon,1240800
Anosibe,83,1,exterieur,sans,oui,mauvais,571200
Ambolokandrina,147,2,exterieur,voiture_avec_par_parking,non,moyen,1276000
Ampandrana,171,6,interieur,voiture_avec_par_parking,non,moyen,1668000
Ankazobe,194,2,interieur,voiture_avec_par_parking,non,mauvais,1321600
Ambolokandrina,30,4,exterieur,voiture_avec_par_parking,oui,moyen,440000
Ambodivona,103,3,interieur,moto,oui,mauvais,779200
67Ha,114,6,exterieur,voiture_avec_par_parking,oui,bon,1454400
Isoraka,77,4,interieur,voiture_avec_par_parking,oui,moyen,816000
Ambodivona,93,3,exterieur,sans,non,mauvais,715200
Tsaralalana,78,4,exterieur,voiture_avec_par_parking,oui,moyen,824000
Tsaralalana,175,6,interieur,moto,oui,mauvais,1360000
Tsaralalana,166,2,interieur,sans,non,moyen,1428000
Soanierana,129,4,interieur,voiture,non,mauvais,985600
Ambatobe,135,2,exterieur,voiture,oui,mauvais,944000
Soanierana,27,5,interieur,voiture_avec_par_parking,non,moyen,466000
Ankazobe,27,2,exterieur,voiture_avec_par_parking,oui,mauvais,252800
Ambatobe,36,6,interieur,voiture_avec_par_parking,non,mauvais,470400
Ivandry,44,4,interieur,voiture,oui,bon,662400
Ankadifotsy,131,6,exterieur,sans,non,bon,1617600
Ankadifotsy,73,6,interieur,sans,non,moyen,884000
Soanierana,135,3,exterieur,voiture_avec_par_parking,oui,bon,1476000
Andoharanofotsy,63,4,exterieur,sans,oui,mauvais,563200
Tanjombato,133,5,interieur,moto,non,bon,1576800
Ankazobe,76,2,exterieur,moto,oui,moyen,708000
Ambatonakanga,154,4,interieur,sans,oui,bon,1718400
Andoharanofotsy,99,1,interieur,voiture,non,moyen,842000
Soanierana,56,2,exterieur,voiture_avec_par_parking,oui,moyen,548000
Ankazobe,97,6,exterieur,voiture_avec_par_parking,non,mauvais,860800
Ambanidia,145,4,exterieur,voiture,non,bon,1632000
Ambatonakanga,114,6,interieur,sans,non,mauvais,969600
Tsaralalana,71,3,exterieur,sans,non,moyen,718000
Tsaralalana,161,2,interieur,sans,non,mauvais,1110400
67Ha,77,6,exterieur,voiture,oui,bon,1099200
Tsaralalana,103,5,exterieur,voiture,non,bon,1288800
Analakely,121,6,exterieur,voiture,non,bon,1521600
Ambatoroka,187,5,exterieur,voiture_avec_par_parking,oui,mauvais,1396800
Tsaralalana,54,6,exterieur,moto,non,bon,878400
67Ha,168,5,interieur,voiture,oui,mauvais,1275200
Ambolokandrina,47,1,interieur,voiture_avec_par_parking,non,bon,511200
Analamahitsy,85,6,exterieur,moto,oui,bon,1176000
Ambanidia,74,1,exterieur,moto,oui,moyen,642000
Analakely,47,2,interieur,voiture,oui,bon,571200
Ambatoroka,133,5,exterieur,voiture_avec_par_parking,oui,moyen,1314000
Ampandrana,121,3,exterieur,sans,oui,bon,1341600
Tsaralalana,174,5,interieur,voiture,non,moyen,1642000
Ankazobe,200,6,exterieur,moto,non,mauvais,1520000
Ambodivona,109,5,interieur,sans,oui,bon,1346400
Andraharo,35,3,interieur,sans,non,mauvais,344000
Isoraka,58,2,exterieur,moto,oui,bon,676800
Ambodivona,75,3,interieur,moto,non,bon,900000
Ambanidia,101,3,interieur,moto,non,moyen,958000
Analamahitsy,195,5,interieur,moto,oui,moyen,1810000
Ambatobe,98,5,interieur,voiture_avec_par_parking,non,bon,1240800
Tanjombato,171,1,exterieur,voiture_avec_par_parking,oui,moyen,1418000
Ambodivona,154,2,interieur,moto,oui,moyen,1332000
Ambanidia,105,5,exterieur,voiture,oui,bon,1308000
Ivandry,193,2,exterieur,voiture,non,bon,1972800
Ankazobe,171,2,exterieur,sans,oui,moyen,1468000
Ambolokandrina,95,1,interieur,sans,oui,bon,972000
Ambolokandrina,82,1,interieur,sans,oui,mauvais,564800
Soanierana,184,2,exterieur,sans,oui,bon,1886400
Anosibe,149,4,exterieur,sans,oui,mauvais,1113600
Analakely,120,3,interieur,voiture_avec_par_parking,non,moyen,1110000
Anosibe,20,6,interieur,voiture,oui,bon,552000
Ankadifotsy,115,1,exterieur,moto,oui,mauvais,776000
Ampandrana,47,4,interieur,voiture_avec_par_parking,oui,mauvais,460800
Ambanidia,158,3,exterieur,voiture,oui,bon,1696800
67Ha,180,4,interieur,voiture_avec_par_parking,oui,bon,1968000
Ankadifotsy,152,4,exterieur,sans,oui,mauvais,1132800
Ambolokandrina,61,4,interieur,voiture_avec_par_parking,oui,mauvais,550400
Ambatoroka,110,2,interieur,moto,non,bon,1176000
Ankazobe,187,6,interieur,moto,non,bon,2155200
Tsaralalana,24,3,interieur,voiture_avec_par_parking,non,bon,410400
Tanjombato,179,2,exterieur,voiture,non,mauvais,1225600
Ankazobe,118,5,interieur,moto,oui,mauvais,955200
Analakely,20,2,exterieur,voiture,non,moyen,260000
Ankazobe,161,4,interieur,moto,non,mauvais,1190400
Ivandry,99,5,exterieur,sans,non,moyen,1042000
Analakely,190,3,exterieur,voiture,oui,moyen,1670000
Ambatoroka,178,4,exterieur,voiture_avec_par_parking,non,moyen,1624000
Ambanidia,104,6,interieur,sans,oui,mauvais,905600
Ambatonakanga,40,3,interieur,sans,non,bon,564000
Ambatonakanga,81,2,exterieur,voiture,oui,bon,897600
Anosibe,30,5,interieur,moto,non,moyen,490000
Tsaralalana,36,4,interieur,sans,oui,mauvais,390400
Soanierana,22,3,interieur,sans,oui,bon,391200
Isoraka,46,3,interieur,voiture,non,moyen,518000
Ankadifotsy,184,1,exterieur,voiture,oui,mauvais,1217600
Andraharo,83,3,interieur,voiture_avec_par_parking,non,moyen,814000
Ambolokandrina,133,6,interieur,moto,oui,bon,1636800
Ankadifotsy,49,5,interieur,moto,oui,moyen,642000
Ambatobe,59,1,interieur,sans,non,mauvais,417600
Ambanidia,41,5,interieur,moto,non,moyen,578000
Tanjombato,32,5,interieur,voiture_avec_par_parking,oui,moyen,506000
Analakely,98,2,interieur,sans,non,bon,1060800
Ambolokandrina,156,3,interieur,sans,non,bon,1677600
Ambatoroka,157,5,interieur,sans,oui,moyen,1506000
Soanierana,58,4,exterieur,voiture_avec_par_parking,oui,moyen,664000
Tsaralalana,126,2,exterieur,voiture,non,bon,1329600
Isoraka,88,3,exterieur,voiture_avec_par_parking,non,mauvais,683200
Andoharanofotsy,141,2,interieur,voiture,oui,mauvais,982400
Soanierana,22,5,exterieur,moto,non,mauvais,340800
67Ha,105,2,exterieur,sans,non,bon,1128000
Anosibe,58,1,interieur,moto,non,moyen,514000
Andoharanofotsy,71,3,interieur,sans,non,bon,861600
Isoraka,100,4,interieur,moto,oui,mauvais,800000
Ampandrana,44,4,exterieur,voiture_avec_par_parking,oui,moyen,552000
Andraharo,145,4,interieur,sans,oui,mauvais,1088000
Ambatobe,119,4,interieur,voiture,oui,moyen,1152000
Isoraka,158,1,interieur,moto,oui,moyen,1314000
Analakely,49,4,interieur,voiture_avec_par_parking,oui,moyen,592000
Ambatobe,46,6,exterieur,voiture_avec_par_parking,non,bon,801600
Ambatobe,140,4,interieur,voiture_avec_par_parking,oui,bon,1584000
Anosibe,126,6,interieur,voiture_avec_par_parking,oui,moyen,1308000
67Ha,49,5,interieur,sans,oui,bon,770400
Ampandrana,185,1,interieur,voiture,non,mauvais,1224000
Ambatonakanga,89,4,exterieur,moto,non,bon,1094400
Ambatobe,141,4,exterieur,voiture_avec_par_parking,non,bon,1593600
Ambatobe,191,5,interieur,voiture_avec_par_parking,oui,moyen,1778000
Ivandry,117,1,interieur,voiture,non,mauvais,788800
Tsaralalana,145,5,exterieur,moto,non,moyen,1410000
Analakely,58,1,interieur,voiture_avec_par_parking,oui,bon,616800
Soanierana,153,1,exterieur,voiture,oui,bon,1528800
Analakely,68,1,exterieur,moto,non,moyen,594000
Isoraka,145,4,exterieur,voiture_avec_par_parking,oui,bon,1632000
Ambanidia,176,3,interieur,voiture,oui,bon,1869600
Ankadifotsy,124,2,exterieur,moto,non,bon,1310400
Ampandrana,44,3,exterieur,sans,oui,bon,602400
Ambatonakanga,154,6,exterieur,sans,oui,bon,1838400
Isoraka,193,1,interieur,moto,non,bon,1912800
67Ha,33,5,exterieur,voiture,oui,moyen,514000
Analamahitsy,188,1,exterieur,sans,oui,bon,1864800
Ambatobe,113,3,interieur,voiture,non,bon,1264800
Andraharo,138,1,exterieur,voiture_avec_par_parking,oui,moyen,1154000
Ankazobe,76,5,interieur,voiture_avec_par_parking,oui,bon,1029600
Andraharo,146,5,exterieur,voiture,non,moyen,1418000
Soanierana,83,6,interieur,sans,oui,mauvais,771200
Ambolokandrina,34,2,exterieur,sans,oui,bon,446400
Analamahitsy,170,3,exterieur,voiture_avec_par_parking,non,bon,1812000
Ampandrana,108,5,exterieur,sans,non,mauvais,891200
Analakely,200,5,interieur,sans,non,bon,2220000
Ambatoroka,36,3,exterieur,voiture_avec_par_parking,non,moyen,438000
Soanierana,77,1,exterieur,moto,non,moyen,666000
Ambodivona,183,4,interieur,voiture_avec_par_parking,non,bon,1996800
Analamahitsy,156,4,exterieur,moto,non,moyen,1448000
Isoraka,96,2,exterieur,voiture_avec_par_parking,non,bon,1041600
Tsaralalana,73,6,exterieur,voiture_avec_par_parking,oui,mauvais,707200
Ambatoroka,189,4,exterieur,voiture,oui,mauvais,1369600
Tanjombato,37,6,exterieur,sans,oui,mauvais,476800
Tsaralalana,59,4,exterieur,voiture_avec_par_parking,non,moyen,672000
Ambatobe,126,1,exterieur,moto,oui,moyen,1058000
Tanjombato,53,3,exterieur,sans,non,moyen,574000
Ambanidia,126,6,interieur,sans,non,moyen,1308000
Ambatonakanga,120,1,interieur,sans,non,mauvais,808000
Andoharanofotsy,21,5,interieur,sans,oui,mauvais,334400
Ambatonakanga,96,1,interieur,moto,non,mauvais,654400
Ambatobe,151,1,exterieur,sans,non,moyen,1258000
Anosibe,42,1,interieur,sans,oui,bon,463200
Isoraka,127,4,exterieur,voiture_avec_par_parking,non,moyen,1216000
Ampandrana,70,1,exterieur,sans,oui,mauvais,488000
Soanierana,156,5,interieur,voiture_avec_par_parking,non,mauvais,1198400
Isoraka,171,4,exterieur,voiture,non,mauvais,1254400
Analamahitsy,94,3,exterieur,voiture,non,mauvais,721600
Ivandry,192,1,exterieur,sans,non,moyen,1586000
Analakely,127,2,interieur,moto,non,bon,1339200
Tsaralalana,180,3,exterieur,voiture,oui,bon,1908000
Ankazobe,79,4,interieur,voiture,non,moyen,832000
Analamahitsy,64,4,interieur,moto,oui,mauvais,569600
Tsaralalana,31,6,interieur,voiture,oui,mauvais,438400
Ankazobe,167,4,exterieur,sans,oui,moyen,1536000
Ambanidia,46,1,interieur,voiture,non,mauvais,334400
Ambatonakanga,133,4,exterieur,voiture,non,moyen,1264000
Analakely,133,4,exterieur,moto,non,bon,1516800
Ambatoroka,125,6,interieur,moto,oui,mauvais,1040000
Ampandrana,49,4,exterieur,sans,non,mauvais,473600
Ankazobe,179,3,interieur,voiture,oui,mauvais,1265600
Ambatonakanga,111,4,interieur,voiture,non,mauvais,870400
Ankadifotsy,117,2,interieur,moto,non,bon,1243200
Isoraka,68,6,interieur,sans,non,mauvais,675200
Soanierana,129,4,interieur,voiture,oui,moyen,1232000
Ankadifotsy,128,2,exterieur,sans,non,mauvais,899200
Andraharo,95,1,interieur,moto,non,bon,972000
Tsaralalana,70,4,exterieur,moto,non,moyen,760000
Tsaralalana,150,4,interieur,voiture_avec_par_parking,non,moyen,1400000
Ambodivona,53,2,exterieur,voiture,oui,mauvais,419200
Ambanidia,68,1,exterieur,voiture_avec_par_parking,oui,bon,712800
Isoraka,93,6,interieur,moto,non,moyen,1044000
Ambanidia,197,2,exterieur,voiture_avec_par_parking,oui,bon,2011200
Ankazobe,64,4,exterieur,sans,oui,bon,854400
Isoraka,63,2,exterieur,voiture_avec_par_parking,non,mauvais,483200
Anosibe,115,3,interieur,moto,oui,moyen,1070000
Ankadifotsy,89,3,interieur,sans,oui,bon,1034400
Ambodivona,127,6,exterieur,sans,oui,mauvais,1052800
Ambolokandrina,55,6,interieur,sans,non,bon,888000
Ambatoroka,178,5,exterieur,sans,oui,moyen,1674000
Ambatoroka,65,4,interieur,moto,oui,bon,864000
Analamahitsy,29,6,interieur,voiture,non,bon,638400
Andoharanofotsy,33,3,interieur,voiture,oui,bon,496800
Analamahitsy,87,6,exterieur,voiture,oui,mauvais,796800
Ampandrana,29,2,interieur,sans,non,mauvais,265600
Isoraka,104,6,interieur,sans,non,bon,1358400
Andoharanofotsy,57,3,interieur,voiture_avec_par_parking,non,bon,727200
Tanjombato,189,4,exterieur,voiture,non,mauvais,1369600
Isoraka,152,6,exterieur,moto,non,bon,1819200
67Ha,45,3,interieur,moto,oui,moyen,510000
Ambodivona,129,5,exterieur,voiture_avec_par_parking,oui,mauvais,1025600
Anosibe,35,6,exterieur,moto,non,bon,696000
Ampandrana,195,1,exterieur,sans,oui,bon,1932000
Soanierana,25,2,interieur,voiture,oui,mauvais,240000
Ivandry,187,2,interieur,sans,oui,moyen,1596000
Ambanidia,130,6,interieur,sans,non,bon,1608000
67Ha,189,4,exterieur,moto,non,moyen,1712000
Anosibe,87,1,exterieur,voiture,oui,moyen,746000
Ankazobe,181,4,exterieur,voiture_avec_par_parking,oui,mauvais,1318400
Ambatonakanga,42,5,exterieur,sans,non,moyen,586000
Ankazobe,177,5,exterieur,moto,non,bon,1999200
Anosibe,42,4,interieur,moto,oui,moyen,536000
67Ha,52,5,exterieur,moto,non,bon,799200
Ambodivona,35,6,interieur,voiture_avec_par_parking,non,moyen,580000
Tsaralalana,86,1,exterieur,voiture_avec_par_parking,non,bon,885600
Analamahitsy,44,1,interieur,moto,oui,bon,482400
Ankadifotsy,103,5,interieur,moto,non,bon,1288800
Tanjombato,198,2,interieur,sans,non,mauvais,1347200
Anosibe,58,3,interieur,voiture,non,bon,736800
Ambodivona,176,3,interieur,voiture,oui,mauvais,1246400
Andoharanofotsy,52,2,exterieur,voiture,oui,mauvais,412800
Andoharanofotsy,83,2,interieur,voiture_avec_par_parking,oui,mauvais,611200
Ambatonakanga,104,6,exterieur,sans,non,moyen,1132000
Ankazobe,51,4,exterieur,sans,oui,mauvais,486400
Analakely,27,1,interieur,voiture_avec_par_parking,non,moyen,266000
Soanierana,22,2,interieur,sans,oui,mauvais,220800
Ambatoroka,56,5,interieur,voiture_avec_par_parking,non,mauvais,558400
Ampandrana,135,4,interieur,moto,non,bon,1536000
Soanierana,85,5,exterieur,moto,oui,bon,1116000
Ivandry,148,4,interieur,moto,non,mauvais,1107200
Ankazobe,189,3,exterieur,sans,oui,bon,1994400
Ambatonakanga,131,1,interieur,sans,non,moyen,1098000
Anosibe,99,6,interieur,sans,oui,bon,1310400
Ambatobe,49,6,exterieur,sans,oui,mauvais,553600
Ivandry,69,4,exterieur,voiture_avec_par_parking,non,moyen,752000
Analakely,41,4,exterieur,moto,oui,mauvais,422400
Andraharo,133,2,exterieur,voiture,non,mauvais,931200
Ambodivona,91,3,interieur,sans,oui,bon,1053600
67Ha,122,5,interieur,moto,oui,moyen,1226000
Ambatobe,31,1,interieur,voiture,non,moyen,298000
Ambatoroka,65,5,interieur,moto,oui,mauvais,616000
Andoharanofotsy,163,5,exterieur,voiture_avec_par_parking,non,bon,1864800
Ambanidia,49,2,exterieur,voiture_avec_par_parking,oui,mauvais,393600
Andoharanofotsy,57,1,interieur,voiture,oui,moyen,506000
Analakely,104,1,exterieur,voiture,non,moyen,882000
Ambodivona,74,1,exterieur,sans,non,mauvais,513600
Ampandrana,150,4,exterieur,sans,oui,bon,1680000
Tsaralalana,175,4,interieur,voiture_avec_par_parking,oui,moyen,1600000
Ivandry,133,1,interieur,voiture_avec_par_parking,non,mauvais,891200
Isoraka,52,2,exterieur,sans,oui,bon,619200
Ambatoroka,158,1,exterieur,sans,oui,moyen,1314000
Anosibe,137,4,exterieur,voiture,non,mauvais,1036800
Ankazobe,129,1,interieur,voiture,oui,bon,1298400
Ambatonakanga,139,3,exterieur,sans,non,bon,1514400
Andoharanofotsy,120,6,interieur,moto,oui,bon,1512000
Ivandry,109,3,interieur,moto,oui,bon,1226400
Ambodivona,103,3,exterieur,sans,oui,mauvais,779200
Ambodivona,114,1,exterieur,voiture,oui,moyen,962000
Anosibe,111,5,interieur,voiture,oui,mauvais,910400
Analakely,133,4,interieur,voiture,non,bon,1516800
Andoharanofotsy,85,1,exterieur,moto,oui,bon,876000
Ambanidia,174,6,interieur,sans,non,bon,2030400
Tanjombato,137,3,interieur,voiture,oui,bon,1495200
Ampandrana,178,3,exterieur,moto,oui,moyen,1574000
Soanierana,27,2,exterieur,sans,oui,moyen,316000
Andraharo,137,1,exterieur,sans,oui,bon,1375200
Ivandry,164,1,interieur,moto,non,bon,1634400
Ambolokandrina,189,1,interieur,sans,non,mauvais,1249600
Ankazobe,75,1,exterieur,voiture_avec_par_parking,non,bon,780000
Analamahitsy,80,1,interieur,sans,non,mauvais,552000
Analamahitsy,173,3,interieur,voiture,non,bon,1840800
Ambatoroka,103,1,interieur,voiture,oui,mauvais,699200
Ambolokandrina,78,5,interieur,sans,oui,bon,1048800
Ankadifotsy,43,1,exterieur,voiture_avec_par_parking,oui,bon,472800
Andraharo,37,3,exterieur,voiture_avec_par_parking,non,bon,535200
Ambodivona,72,5,interieur,moto,non,moyen,826000
Analamahitsy,157,5,interieur,sans,oui,moyen,1506000
Ampandrana,100,2,exterieur,moto,oui,moyen,900000
Ankazobe,182,5,exterieur,voiture_avec_par_parking,oui,mauvais,1364800
Ambatonakanga,167,4,interieur,voiture,non,moyen,1536000
Ankazobe,22,1,interieur,sans,oui,bon,271200
Anosibe,194,5,exterieur,moto,oui,mauvais,1441600
Ambatobe,100,4,interieur,sans,non,mauvais,800000
Ambodivona,34,4,interieur,sans,oui,mauvais,377600
Ivandry,111,1,interieur,moto,non,moyen,938000
Ankadifotsy,164,6,interieur,voiture_avec_par_parking,non,moyen,1612000
Tanjombato,96,1,interieur,voiture_avec_par_parking,non,moyen,818000
Ampandrana,157,5,exterieur,voiture,non,bon,1807200
Tsaralalana,90,2,exterieur,moto,non,moyen,820000
Ambodivona,177,6,interieur,voiture,non,mauvais,1372800
Soanierana,140,1,interieur,moto,oui,moyen,1170000
Andoharanofotsy,153,4,exterieur,moto,non,bon,1708800
Ambodivona,188,1,interieur,voiture,oui,mauvais,1243200
Isoraka,56,1,interieur,moto,non,mauvais,398400
Analamahitsy,179,6,interieur,voiture,oui,bon,2078400
Ankadifotsy,20,2,interieur,voiture,oui,bon,312000
67Ha,43,5,exterieur,sans,oui,moyen,594000
Ambodivona,84,6,interieur,voiture,oui,moyen,972000
Ambolokandrina,135,5,interieur,moto,oui,moyen,1330000
Ambodivona,149,4,interieur,moto,oui,bon,1670400
Tsaralalana,190,2,interieur,moto,oui,mauvais,1296000
Ambolokandrina,99,1,exterieur,voiture,non,moyen,842000
67Ha,70,5,exterieur,sans,oui,bon,972000
Andraharo,76,3,interieur,sans,non,moyen,758000
Andoharanofotsy,76,3,interieur,voiture_avec_par_parking,non,mauvais,606400
Ivandry,61,5,exterieur,moto,oui,bon,885600
Ambolokandrina,46,6,exterieur,moto,oui,moyen,668000
Andraharo,33,6,exterieur,voiture,non,bon,676800
